model,validation_business_score,runtime_seconds,accuracy,precision,recall_sensitivity,specificity,f1,roc_auc,pr_auc,balanced_accuracy,matthews_correlation_coefficient,log_loss,brier_score
Logistic Regression,0.938915364661881,0.21981980000418844,0.8712962962962963,0.4628099173553719,0.9256198347107438,0.8644421272158499,0.6170798898071626,0.9588586595885866,0.765586173777909,0.8950309809632968,0.5976314574795596,0.2514750957801666,0.08139002361402835
Random Forest,0.9283637397771438,1.6272538999983226,0.8796296296296297,0.48034934497816595,0.9090909090909091,0.8759124087591241,0.6285714285714286,0.9572729858064961,0.7650424361429721,0.8925016589250165,0.6057465646886254,0.20479589652764243,0.06642006255884747
Decision Tree,0.8342178060824378,0.1725432999955956,0.8638888888888889,0.44144144144144143,0.8099173553719008,0.8706986444212722,0.5714285714285714,0.8706684821482432,0.6014714852060041,0.8403079998965866,0.5312317356610007,0.9819551385003032,0.09890883727344194
XGBoost,0.7697308663466593,0.7959577000001445,0.9268518518518518,0.6842105263157895,0.6446280991735537,0.9624608967674662,0.6638297872340425,0.9573850171063176,0.7620793871966668,0.80354449797051,0.6231797904130284,0.16102489829063416,0.05145576596260071
Support Vector Machine,0.7676177836761778,2.2340062000002945,0.9212962962962963,0.65,0.6446280991735537,0.9562043795620438,0.6473029045643154,0.9521023104301141,0.7624904183916112,0.8004162393677987,0.6030164368142102,0.16372994794766407,0.050046251710687314
Gradient Boosting,0.7636553227794104,5.39816289999726,0.9277777777777778,0.6936936936936937,0.6363636363636364,0.9645464025026069,0.6637931034482759,0.9545928524030715,0.7503662575972072,0.8004550194331217,0.6241486999755307,0.16529083832427713,0.05127697467163064
K-Nearest Neighbors,0.753014072854816,2.081501799999387,0.924074074074074,0.6695652173913044,0.6363636363636364,0.9603753910323254,0.652542372881356,0.9279897275915856,0.7234629316588105,0.7983695136979809,0.6102023193045435,0.4064992847141723,0.05259372600075851
